index;p_err;d_err;i_err;rb_speed;U_control;angle
0;-0,3534728;-84,81651;-0,005892391;15,85556;-422,6012;-7,0448
1;-0,3759925;-5,403656;-0,01216019;15,92573;-27,98986;-0,4666
2;-0,3988239;-5,478436;-0,01880858;15,99605;-28,43314;-0,474
3;-0,4224862;-5,677816;-0,02585142;16,05713;-29,49836;-0,4917
4;-0,4470875;-5,903134;-0,03330437;16,11351;-30,69549;-0,5117
5;-0,4728383;-6,17896;-0,04118659;16,16216;-32,1473;-0,5359
6;-0,498887;-6,250443;-0,04950303;16,2328;-32,58463;-0,5432
7;-0,5249848;-6,262207;-0,05825453;16,30584;-32,7255;-0,5455
8;-0,5508744;-6,212256;-0,0674376;16,38868;-32,55923;-0,5428
9;-0,5764557;-6,138299;-0,07704712;16,46511;-32,27292;-0,538
10;-0,601599;-6,033192;-0,08707577;16,54567;-31,83068;-0,5306
11;-0,6261934;-5,901468;-0,09751441;16,61916;-31,25471;-0,521
12;-0,6501391;-5,745816;-0,1083522;16,69536;-30,55805;-0,5094
13;-0,6733646;-5,573017;-0,1195772;16,7642;-29,77419;-0,4963
14;-0,6957985;-5,383039;-0,1311762;16,83599;-28,90275;-0,4818
15;-0,7173743;-5,177159;-0,1431348;16,90094;-27,94987;-0,4659
16;-0,7380396;-4,958677;-0,1554379;16,96889;-26,9318;-0,449
17;-0,7577702;-4,734418;-0,1680699;17,0294;-25,88236;-0,4315
18;-0,776508;-4,496157;-0,1810143;17,09335;-24,7605;-0,4128
19;-0,7942303;-4,252503;-0,1942541;17,15031;-23,60893;-0,3936
20;-0,8108838;-3,996036;-0,2077716;17,21119;-22,3906;-0,3733
21;-0,8264673;-3,739296;-0,2215488;17,26392;-21,16783;-0,3529
22;-0,8409036;-3,464035;-0,2355667;17,32253;-19,84968;-0,3309
23;-0,854197;-3,189775;-0,2498061;17,37258;-18,53318;-0,3089
24;-0,8662968;-2,903372;-0,2642473;17,42822;-17,15285;-0,2859
25;-0,8771807;-2,611606;-0,2788699;17,47667;-15,74229;-0,2624
26;-0,8868364;-2,316908;-0,2936535;17,5298;-14,31356;-0,2386
27;-0,895217;-2,01094;-0,3085767;17,57494;-12,82505;-0,2138
28;-0,9022985;-1,699222;-0,3236181;17,62747;-11,30413;-0,1884
29;-0,9081166;-1,396072;-0,3387564;17,67025;-9,822042;-0,1637
30;-0,9126068;-1,077417;-0,3539695;17,72047;-8,25895;-0,1377
31;-0,9157781;-0,7609658;-0,3692355;17,7596;-6,702875;-0,1117
32;-0,9175547;-0,426293;-0,3845312;17,80671;-5,05207;-0,0842
33;-0,917934;-0,09101955;-0,3998331;17,8444;-3,394091;-0,0566
34;-0,9175504;0,09203501;-0,4151287;17,9097;-2,490348;-0,0415
35;-0,9169327;0,1482286;-0,430414;17,97845;-2,216397;-0,0369
36;-0,916324;0,1460546;-0,4456891;18,06139;-2,232554;-0,0372
37;-0,9159796;0,08263843;-0,4609585;18,1359;-2,553876;-0,0426
38;-0,9156495;0,07922019;-0,4762223;18,21743;-2,577049;-0,043
39;-0,915296;0,08481237;-0,4914803;18,28875;-2,555366;-0,0426
40;-0,9153052;-0,002202547;-0,5067385;18,36798;-2,995029;-0,0499
41;-0,9158237;-0,1244153;-0,5220053;18,43799;-3,611158;-0,0602
42;-0,9169071;-0,2599721;-0,5372901;18,51488;-4,295309;-0,0716
43;-0,9185856;-0,4027515;-0,5526029;18,58191;-5,017155;-0,0836
44;-0,9207824;-0,5271239;-0,5679524;18,65559;-5,64909;-0,0942
45;-0,9234822;-0,6478206;-0,5833468;18,7207;-6,264288;-0,1044
46;-0,9265545;-0,7372097;-0,5987925;18,79297;-6,725028;-0,1121
47;-0,9299231;-0,8082919;-0,6142943;18,85697;-7,095698;-0,1183
48;-0,9334606;-0,8488388;-0,6298551;18,92823;-7,315142;-0,1219
49;-0,9370972;-0,8726091;-0,6454765;18,99175;-7,451533;-0,1242
50;-0,9407244;-0,8703494;-0,6611584;19,06253;-7,458554;-0,1243
51;-0,9442979;-0,8574774;-0,6768999;19,12584;-7,412699;-0,1236
52;-0,9477388;-0,8256549;-0,6926987;19,19636;-7,272289;-0,1212
53;-0,9510323;-0,790271;-0,7085524;19,25953;-7,113763;-0,1186
54;-0,9541185;-0,7405564;-0,7244575;19,33003;-6,883416;-0,1147
55;-0,9570062;-0,6929013;-0,7404108;19,39332;-6,662731;-0,1111
56;-0,9596695;-0,6390676;-0,7564085;19,46417;-6,410686;-0,1069
57;-0,9621422;-0,5933147;-0,7724474;19,52789;-6,198251;-0,1033
58;-0,9644163;-0,5456882;-0,7885242;19,5994;-5,975925;-0,0996
59;-0,9665392;-0,5093891;-0,8046364;19,66372;-5,809461;-0,0968
60;-0,9685104;-0,4729899;-0,8207815;19,73599;-5,642058;-0,0941
61;-0,9703815;-0,4489764;-0,8369578;19,80094;-5,535927;-0,0923
62;-0,9721518;-0,4247912;-0,8531635;19,87386;-5,428655;-0,0905
63;-0,9738722;-0,4128203;-0,869398;19,93927;-5,38195;-0,0897
64;-0,9755363;-0,3992904;-0,8856602;20,01263;-5,327342;-0,0888
65;-0,9771869;-0,3960723;-0,9019499;20,07832;-5,323956;-0,0888
66;-0,9788079;-0,3889641;-0,9182666;20,15194;-5,301161;-0,0884
67;-0,9804331;-0,3899653;-0,9346104;20,21778;-5,318694;-0,0887
68;-0,9820372;-0,3849166;-0,950981;20,29209;-5,306108;-0,0885
69;-0,9836468;-0,3862038;-0,9673784;20,35837;-5,325041;-0,0888
70;-0,9852298;-0,3798536;-0,9838021;20,43328;-5,305949;-0,0885
71;-0,9868083;-0,3787666;-1,000252;20,50006;-5,313014;-0,0886
72;-0,9883471;-0,369227;-1,016728;20,57553;-5,277961;-0,088
73;-0,9898667;-0,3646503;-1,033229;20,64281;-5,267529;-0,0878
74;-0,9913311;-0,3513778;-1,049755;20,71888;-5,213726;-0,0869
75;-0,9927624;-0,3434543;-1,066304;20,78668;-5,186418;-0,0865
76;-0,994126;-0,3271784;-1,082876;20,86336;-5,117406;-0,0853
77;-0,9954463;-0,3168235;-1,09947;20,93172;-5,077703;-0,0846
78;-0,9966909;-0,2986454;-1,116085;21,00907;-4,9989;-0,0833
79;-0,9978878;-0,2871893;-1,13272;21,07802;-4,953372;-0,0826
80;-0,9990064;-0,2684104;-1,149373;21,15606;-4,871224;-0,0812
81;-1,000078;-0,2570401;-1,166044;21,22563;-4,825763;-0,0804
82;-1,001072;-0,2386188;-1,182732;21,30439;-4,745036;-0,0791
83;-1,002023;-0,2281782;-1,199436;21,37461;-4,703849;-0,0784
84;-1,002902;-0,2108724;-1,216154;21,45412;-4,628334;-0,0772
85;-1,003742;-0,2016618;-1,232887;21,52499;-4,592942;-0,0766
86;-1,004515;-0,1854144;-1,249632;21,60527;-4,522381;-0,0754
87;-1,005254;-0,177348;-1,26639;21,67681;-4,492384;-0,0749
88;-1,005929;-0,1619873;-1,283158;21,75788;-4,425949;-0,0738
89;-1,006574;-0,1547218;-1,299938;21,8301;-4,39966;-0,0733
90;-1,007157;-0,1399905;-1,316727;21,91195;-4,336086;-0,0723
91;-1,007713;-0,133297;-1,333526;21,98487;-4,312382;-0,0719
92;-1,008208;-0,1189089;-1,350333;22,06752;-4,250259;-0,0709
93;-1,008677;-0,1125015;-1,367147;22,14114;-4,227724;-0,0705
94;-1,009086;-0,09811346;-1,383969;22,22461;-4,165348;-0,0694
95;-1,009469;-0,09182047;-1,400797;22,29894;-4,143128;-0,0691
96;-1,009791;-0,07731799;-1,41763;22,38324;-4,079929;-0,068
97;-1,010087;-0,07096779;-1,434468;22,45829;-4,05717;-0,0676
98;-1,010321;-0,05626507;-1,45131;22,54343;-3,992717;-0,0666
99;-1,010529;-0,04982905;-1,468156;22,61923;-3,96927;-0,0662
100;-1,010674;-0,03492611;-1,485004;22,70523;-3,903558;-0,0651
101;-1,010793;-0,0285473;-1,501853;22,78178;-3,880131;-0,0647
102;-1,01085;-0,01347272;-1,518704;22,86866;-3,813299;-0,0636
103;-1,010879;-0,007036709;-1,535556;22,94598;-3,78932;-0,0632
104;-1,010845;0,008066472;-1,552406;23,03375;-3,722077;-0,062
105;-1,010785;0,01435946;-1,569256;23,11187;-3,69854;-0,0617
106;-1,010663;0,02949125;-1,586104;23,20055;-3,630885;-0,0605
107;-1,010514;0,03561261;-1,602949;23,27947;-3,607934;-0,0601
108;-1,010303;0,05062998;-1,619791;23,3691;-3,54058;-0,059
109;-1,010068;0,0564939;-1,636629;23,44884;-3,518644;-0,0587
110;-1,00977;0,07139686;-1,653462;23,53942;-3,451595;-0,0575
111;-1,009449;0,07694613;-1,670289;23,62001;-3,430962;-0,0572
112;-1,009067;0,09176327;-1,68711;23,71157;-3,364079;-0,0561
113;-1,008663;0,0970551;-1,703925;23,79302;-3,344468;-0,0558
114;-1,008197;0,1117292;-1,720731;23,88558;-3,27804;-0,0546
115;-1,00771;0,1167922;-1,73753;23,96791;-3,259312;-0,0543
116;-1,007163;0,1314091;-1,754319;24,06149;-3,192914;-0,0532
117;-1,006595;0,1362433;-1,771099;24,14472;-3,175072;-0,0529
118;-1,005966;0,150803;-1,787868;24,23935;-3,108706;-0,0518
119;-1,005319;0,1553797;-1,804627;24,32351;-3,091894;-0,0515
120;-1,004611;0,1698822;-1,821374;24,4192;-3,025564;-0,0504
121;-1,003884;0,1742873;-1,838109;24,5043;-3,009357;-0,0502
122;-1,003098;0,1887039;-1,85483;24,6011;-2,943206;-0,0491
123;-1,002294;0,1928516;-1,871539;24,68716;-2,928034;-0,0488
124;-1,00143;0,2072969;-1,888232;24,78508;-2,861495;-0,0477
125;-1,00055;0,2112443;-1,904912;24,87214;-2,847074;-0,0475
126;-0,9996093;0,2257325;-1,921575;24,97121;-2,780078;-0,0463
127;-0,9986528;0,2295226;-1,938223;25,05927;-2,766196;-0,0461
128;-0,9976363;0,2439106;-1,954853;25,15952;-2,699454;-0,045
129;-0,9966046;0,2475434;-1,971467;25,24863;-2,686112;-0,0448
130;-0,9955133;0,2618743;-1,988062;25,35009;-2,619414;-0,0437
131;-0,994408;0,265221;-2,004639;25,44027;-2,607256;-0,0435
132;-0,9932431;0,2795089;-2,021196;25,54296;-2,540532;-0,0424
133;-0,9920651;0,2826554;-2,037734;25,63423;-2,529133;-0,0422
134;-0,9908278;0,2969005;-2,054251;25,7382;-2,462386;-0,041
135;-0,9895784;0,2997895;-2,070747;25,83058;-2,452032;-0,0409
136;-0,9882697;0,3140203;-2,087222;25,93585;-2,385123;-0,0398
137;-0,98695;0,3166662;-2,103674;26,02938;-2,375746;-0,0396
138;-0,9855742;0,3301246;-2,120104;26,13597;-2,312452;-0,0385
139;-0,9841727;0,3363032;-2,13651;26,23065;-2,285251;-0,0381
140;-0,9826951;0,3545529;-2,152891;26,33856;-2,197816;-0,0366
141;-0,9811799;0,3635776;-2,169247;26,43443;-2,156105;-0,0359
142;-0,9795797;0,3839583;-2,185577;26,5437;-2,057688;-0,0343
143;-0,9779342;0,3948423;-2,201879;26,64079;-2,00632;-0,0334
144;-0,9761974;0,4167677;-2,218152;26,75148;-1,899788;-0,0317
145;-0,9744093;0,4290533;-2,234396;26,84982;-1,840999;-0,0307
146;-0,9725243;0,4522945;-2,250608;26,96194;-1,727455;-0,0288
147;-0,970583;0,4658387;-2,266787;27,06157;-1,661921;-0,0277
148;-0,9685403;0,4901383;-2,282933;27,17517;-1,542612;-0,0257
149;-0,9664377;0,5045263;-2,299043;27,27611;-1,472368;-0,0245
150;-0,9642304;0,5296411;-2,315117;27,39124;-1,34848;-0,0225
151;-0,9619603;0,5447299;-2,331153;27,49352;-1,274215;-0,0212
152;-0,959582;0,5706742;-2,347149;27,61021;-1,145655;-0,0191
153;-0,9571382;0,5863782;-2,363104;27,71387;-1,067774;-0,0178
154;-0,9545834;0,6130375;-2,379017;27,83214;-0,935092;-0,0156
155;-0,9519609;0,6292849;-2,394886;27,93721;-0,8539333;-0,0142
156;-0,9492243;0,6566451;-2,41071;28,05711;-0,7171805;-0,012
157;-0,9464179;0,6733931;-2,426487;28,1636;-0,6329392;-0,0106
158;-0,9434948;0,7014112;-2,442215;28,28516;-0,492312;-0,0082
159;-0,9404999;0,7186311;-2,457893;28,39312;-0,4051131;-0,0068
160;-0,9373854;0,7473357;-2,473519;28,51636;-0,2604518;-0,0043
161;-0,9341972;0,7650133;-2,489092;28,62581;-0,1703491;-0,0028
162;-0,9309018;0,7907431;-2,504611;28,75076;-0,03987944;-0,0007
163;-0,9275315;0,8087067;-2,520072;28,86174;0,05224364;0,0009
164;-0,9240314;0,839857;-2,535476;28,98846;0,2103212;0,0035
165;-0,9204601;0,8569339;-2,55082;29,10081;0,2986955;0,005
166;-0,9167715;0,8850807;-2,566103;29,22931;0,442468;0,0074
167;-0,913004;0,9040169;-2,581322;29,34282;0,5407302;0,009
168;-0,9091203;0,9319206;-2,596478;29,47362;0,6839399;0,0114
169;-0,9051572;0,9509426;-2,611567;29,58891;0,7832765;0,0131
170;-0,9010547;0,9843956;-2,626587;29,72185;0,9547856;0,0159
171;-0,8968658;1,005148;-2,641538;29,83676;1,063466;0,0177
172;-0,8925599;1,033195;-2,656417;29,97518;1,208783;0,0202
173;-0,8881598;1,055835;-2,671222;30,08718;1,327548;0,0221
174;-0,8836736;1,076459;-2,685953;30,23156;1,436583;0,0239
175;-0,8790941;1,098857;-2,700608;30,34318;1,554749;0,0259
176;-0,8744398;1,116806;-2,715185;30,48959;1,651068;0,0275
177;-0,8696871;1,140419;-2,729682;30,60157;1,775869;0,0296
178;-0,8648471;1,161372;-2,744099;30,75073;1,887749;0,0315
179;-0,8598953;1,188188;-2,758434;30,864;2,029146;0,0338
180;-0,8548451;1,211816;-2,772684;31,01512;2,155027;0,0359
181;-0,8496806;1,239233;-2,786848;31,131;2,300128;0,0383
182;-0,84435;1,279094;-2,800924;31,28284;2,50761;0,0418
183;-0,8389058;1,306354;-2,814908;31,40134;2,652853;0,0442
184;-0,8333011;1,344841;-2,828799;31,55378;2,85442;0,0476
185;-0,8276255;1,361875;-2,842596;31,67452;2,949622;0,0492
186;-0,822012;1,346972;-2,856299;31,82837;2,885954;0,0481
187;-0,8165768;1,30418;-2,869911;31,95166;2,683184;0,0447
188;-0,8114157;1,238432;-2,883437;32,10577;2,365545;0,0394
189;-0,8065883;1,15834;-2,896883;32,23187;1,975648;0,0329
190;-0,8021302;1,069723;-2,910254;32,38556;1,542312;0,0257
191;-0,797925;1,009053;-2,923556;32,51538;1,247145;0,0208
192;-0,7939247;0,9598815;-2,93679;32,66792;1,008545;0,0168
193;-0,7900905;0,9200211;-2,949961;32,80164;0,8157515;0,0136
194;-0,7863967;0,886325;-2,96307;32,9523;0,6532018;0,0109
195;-0,7828191;0,8584642;-2,97612;33,08991;0,5193334;0,0087
196;-0,7793393;0,8349799;-2,989112;33,23845;0,4069495;0,0068
197;-0,7759423;0,8151141;-3,002047;33,37941;0,312328;0,0052
198;-0,7726184;0,7975938;-3,014926;33,52608;0,2291708;0,0038
199;-0,769357;0,7825764;-3,027751;33,66927;0,1582907;0,0026
200;-0,7661492;0,7697187;-3,040523;33,81468;0,09800849;0,0016
201;-0,7629871;0,7587489;-3,053242;33,95876;0,04699687;0,0008
202;-0,7598642;0,7493523;-3,065909;34,10328;0,003711314;0,0001
203;-0,756775;0,7412573;-3,078524;34,24713;-0,03318295;-0,0006
204;-0,753715;0,7342491;-3,091089;34,39062;-0,06473871;-0,0011
205;-0,7506803;0,728185;-3,103603;34,5334;-0,09165476;-0,0015
206;-0,7476676;0,7229074;-3,116066;34,67537;-0,114704;-0,0019
207;-0,7446749;0,7181019;-3,12848;34,81631;-0,1354438;-0,0023
208;-0,7416996;0,7139257;-3,140844;34,95601;-0,1530851;-0,0026
209;-0,7387395;0,7102786;-3,153159;35,09426;-0,1681188;-0,0028
210;-0,7357916;0,7073609;-3,165425;35,23083;-0,1795406;-0,003
211;-0,7328548;0,7046721;-3,177641;35,36657;-0,1898358;-0,0032
212;-0,7299286;0,7021549;-3,189809;35,50201;-0,1992866;-0,0033
213;-0,7270128;0,699652;-3,201929;35,63718;-0,2086748;-0,0035
214;-0,7241077;0,6970776;-3,214;35,77207;-0,2184276;-0,0036
215;-0,7212132;0,6945604;-3,226022;35,90672;-0,2279049;-0,0038
216;-0,7183287;0,6921433;-3,237997;36,04113;-0,2368923;-0,0039
217;-0,7154539;0,6898121;-3,249923;36,17532;-0,2454598;-0,0041
218;-0,7125887;0,6875094;-3,261802;36,30929;-0,2538918;-0,0042
219;-0,7097331;0,6852067;-3,273634;36,44307;-0,2623298;-0,0044
220;-0,7068869;0,6829327;-3,285418;36,57664;-0,2706318;-0,0045
221;-0,7040505;0,6806014;-3,297154;36,71003;-0,2792255;-0,0047
222;-0,7012238;0,6782844;-3,308844;36,84322;-0,2877545;-0,0048
223;-0,6984071;0,6758673;-3,320486;36,97623;-0,2967893;-0,0049
224;-0,6956007;0,6734074;-3,332082;37,10904;-0,306046;-0,0051
225;-0,6928045;0,6709474;-3,343631;37,24167;-0,3153117;-0,0053
226;-0,6900192;0,6683301;-3,355133;37,37411;-0,3253701;-0,0054
227;-0,687245;0,6656984;-3,36659;37,50636;-0,3355111;-0,0056
228;-0,684482;0,6629667;-3,378;37,63843;-0,3461616;-0,0058
229;-0,6817308;0,6601635;-3,389364;37,77031;-0,3571815;-0,006
230;-0,6789916;0,6572887;-3,400683;37,902;-0,3685709;-0,0061
231;-0,6762645;0,6543567;-3,411957;38,0335;-0,3802604;-0,0063
232;-0,6735502;0,6513104;-3,423185;38,16483;-0,3925349;-0,0065
233;-0,6708489;0,6481782;-3,434368;38,29596;-0,4052542;-0,0068
234;-0,6681608;0,6450174;-3,445506;38,42691;-0,4181339;-0,007
235;-0,6654863;0,6417422;-3,456599;38,55768;-0,4316023;-0,0072
236;-0,6628258;0,6383954;-3,467649;38,68826;-0,4454472;-0,0074
237;-0,6601796;0,6349772;-3,478654;38,81865;-0,4596696;-0,0077
238;-0,6575478;0,6314874;-3,489615;38,94886;-0,4742703;-0,0079
239;-0,6549309;0,6279262;-3,500533;39,07889;-0,4892504;-0,0082
240;-0,6523293;0,6242648;-3,511407;39,20873;-0,5047535;-0,0084
241;-0,6497431;0,6205748;-3,522238;39,33838;-0,5204244;-0,0087
242;-0,6471726;0,6167848;-3,533027;39,46785;-0,5366203;-0,0089
243;-0,6446182;0,6129374;-3,543772;39,59713;-0,553129;-0,0092
244;-0,6420801;0,6090186;-3,554476;39,72623;-0,5700217;-0,0095
245;-0,6395587;0,605014;-3,565137;39,85514;-0,5873715;-0,0098
246;-0,6370541;0,6009951;-3,575757;39,98388;-0,6048227;-0,0101
247;-0,6345667;0,5968617;-3,586335;40,11242;-0,6228752;-0,0104
248;-0,6320968;0,5926568;-3,596872;40,24078;-0,6413162;-0,0107
249;-0,6296445;0,5884234;-3,607368;40,36895;-0,6599327;-0,011
250;-0,6272103;0,5840898;-3,617824;40,49693;-0,6790823;-0,0113
251;-0,6247944;0,5797133;-3,628239;40,62474;-0,6984807;-0,0116
252;-0,6223969;0,5752653;-3,638615;40,75235;-0,7182714;-0,012
253;-0,6200182;0,5707744;-3,64895;40,87979;-0,7383128;-0,0123
254;-0,6176587;0,5661833;-3,659247;41,00703;-0,7588909;-0,0127
255;-0,6153183;0,561578;-3,669504;41,13409;-0,779579;-0,013
256;-0,6129975;0,5568726;-3,679723;41,26097;-0,8008054;-0,0133
257;-0,6106967;0,5520957;-3,689903;41,38766;-0,8224291;-0,0137
258;-0,6084158;0,5472901;-3,700045;41,51417;-0,8442371;-0,0141
259;-0,6061554;0,5423987;-3,71015;41,64049;-0,8665152;-0,0144
260;-0,6039155;0,5374787;-3,720217;41,76663;-0,8889791;-0,0148
261;-0,6016964;0,5324586;-3,730247;41,89258;-0,9119864;-0,0152
262;-0,5994985;0,5274099;-3,740241;42,01835;-0,9351814;-0,0156
263;-0,5973219;0,5222754;-3,750198;42,14393;-0,9588498;-0,016
264;-0,595167;0,5170694;-3,76012;42,26933;-0,9829224;-0,0164
265;-0,5930339;0,5118491;-3,770005;42,39455;-1,007114;-0,0168
266;-0,590923;0,5065144;-3,779856;42,51958;-1,031925;-0,0172
267;-0,5888343;0,5011796;-3,789672;42,64443;-1,056786;-0,0176
268;-0,5867684;0,4957161;-3,799453;42,76909;-1,082339;-0,018
269;-0,5847254;0,4902241;-3,809201;42,89357;-1,108087;-0,0185
270;-0,5827056;0,4846605;-3,818914;43,01786;-1,134244;-0,0189
271;-0,5807091;0,479054;-3,828595;43,14198;-1,160669;-0,0193
272;-0,5787362;0,4733903;-3,838243;43,26591;-1,187433;-0,0198
273;-0,5767874;0,4676265;-3,847857;43,38966;-1,214752;-0,0202
274;-0,5748627;0,4618341;-3,85744;43,51322;-1,24227;-0,0207
275;-0,5729624;0,4559845;-3,866992;43,6366;-1,270131;-0,0212
276;-0,5710869;0,4500347;-3,876512;43,7598;-1,298549;-0,0216
277;-0,5692363;0,4440564;-3,886001;43,88282;-1,327169;-0,0221
278;-0,5674108;0,4380209;-3,89546;44,00566;-1,356135;-0,0226
279;-0,5656109;0,4318995;-3,904888;44,12831;-1,38559;-0,0231
280;-0,5638367;0,4257209;-3,914288;44,25079;-1,415392;-0,0236
281;-0,5620885;0,4194851;-3,923658;44,37309;-1,445544;-0,0241
282;-0,5603666;0,4131778;-3,932999;44,4952;-1,476115;-0,0246
283;-0,5586711;0,4068276;-3,942312;44,61713;-1,506967;-0,0251
284;-0,5570024;0,4004202;-3,951597;44,73889;-1,538169;-0,0256
285;-0,5553607;0,3939127;-3,960855;44,86046;-1,569938;-0,0262
286;-0,5537463;0,3873766;-3,970086;44,98185;-1,601918;-0,0267
287;-0,5521595;0,3807546;-3,97929;45,10307;-1,634395;-0,0272
288;-0,5506005;0,3741041;-3,988469;45,2241;-1,667084;-0,0278
289;-0,5490696;0,3673391;-3,997622;45,34496;-1,700416;-0,0283
290;-0,547567;0,3605455;-4,00675;45,46564;-1,733962;-0,0289
291;-0,546093;0,3536948;-4,015853;45,58614;-1,767867;-0,0295
292;-0,5446478;0,3467725;-4,024932;45,70646;-1,802203;-0,03
293;-0,5432318;0,3397787;-4,033988;45,8266;-1,83697;-0,0306
294;-0,5418451;0,3327419;-4,043021;45,94656;-1,872028;-0,0312
295;-0,5404881;0,3256051;-4,052031;46,06635;-1,907661;-0,0318
296;-0,539161;0,318454;-4,061018;46,18597;-1,943445;-0,0324
297;-0,537864;0,3112028;-4,069984;46,3054;-1,979807;-0,033
298;-0,5365975;0,3039086;-4,078929;46,42466;-2,016464;-0,0336
299;-0,5353616;0,2965429;-4,087854;46,54374;-2,053558;-0,0342
300;-0,5341568;0,2891058;-4,096758;46,66265;-2,091091;-0,0349
301;-0,5329831;0,2816257;-4,105643;46,78138;-2,128922;-0,0355
302;-0,531841;0,2740598;-4,114509;46,89993;-2,167265;-0,0361
303;-0,5307305;0,2664653;-4,123356;47,01831;-2,205837;-0,0368
304;-0,5296521;0,2587564;-4,132185;47,13652;-2,245064;-0,0374
305;-0,5286059;0,2510332;-4,140997;47,25455;-2,284452;-0,0381
306;-0,5275923;0,2432241;-4,149792;47,37241;-2,324355;-0,0387
307;-0,5266114;0,2353579;-4,158571;47,49009;-2,364634;-0,0394
308;-0,5256637;0,2274202;-4,167334;47,6076;-2,40536;-0,0401
309;-0,5247492;0,2194395;-4,176081;47,72494;-2,446391;-0,0408
310;-0,5238683;0,2113587;-4,184814;47,84211;-2,488015;-0,0415
311;-0,5231053;0,1830832;-4,193534;47,95906;-2,630354;-0,0438
312;-0,5224132;0,1660778;-4,202243;48,07586;-2,716887;-0,0453
313;-0,5217193;0,1665068;-4,21094;48,19252;-2,716761;-0,0453
314;-0,5209561;0,1831261;-4,219624;48,30901;-2,635955;-0,0439
315;-0,5200666;0,2134326;-4,228293;48,4253;-2,486738;-0,0415
316;-0,5190064;0,2543942;-4,236945;48,54137;-2,284044;-0,0381
317;-0,5177439;0,3029504;-4,245576;48,6572;-2,042989;-0,0341
318;-0,5162603;0,3559831;-4,254182;48,77282;-1,77901;-0,0297
319;-0,5146022;0,3978601;-4,26276;48,88828;-1,569939;-0,0262
320;-0,512791;0,4346026;-4,271308;49,00359;-1,385913;-0,0231
321;-0,5108393;0,4683273;-4,279824;49,11876;-1,216449;-0,0203
322;-0,5087568;0,4997065;-4,288305;49,23378;-1,058233;-0,0176
323;-0,5065514;0,5291834;-4,29675;49,34865;-0,9090852;-0,0152
324;-0,50423;0,5570299;-4,305155;49,46337;-0,7676744;-0,0128
325;-0,5017977;0,5836178;-4,31352;49,57792;-0,6321675;-0,0105
326;-0,4992594;0,6090829;-4,321843;49,69231;-0,5019023;-0,0084
327;-0,4966184;0,6337043;-4,330122;49,80655;-0,3755023;-0,0063
328;-0,493878;0,6575605;-4,338355;49,92062;-0,2525856;-0,0042
329;-0,4910407;0,6808231;-4,346541;50,03452;-0,1323057;-0,0022
330;-0,4881082;0,7036638;-4,354678;50,14827;-0,0138143;-0,0002
331;-0,4850817;0,7262041;-4,362764;50,26185;0,10349;0,0017
332;-0,4819616;0,7486801;-4,370798;50,37526;0,2207801;0,0037
333;-0,4787488;0,7709201;-4,378779;50,4885;0,3372002;0,0056
334;-0,4754443;0,7929242;-4,386704;50,60157;0,452749;0,0075
335;-0,4720488;0,8147422;-4,394574;50,71447;0,5676724;0,0095
336;-0,4685631;0,8364245;-4,402385;50,82721;0,6822194;0,0114
337;-0,4649872;0,8580208;-4,410136;50,93978;0,7966377;0,0133
338;-0,4613217;0,8795601;-4,417827;51,05218;0,9110697;0,0152
339;-0,4575665;0,9010707;-4,425454;51,16442;1,025658;0,0171
340;-0,4537215;0,9226027;-4,433018;51,2765;1,140652;0,019
341;-0,4497867;0,9441633;-4,440516;51,38841;1,256089;0,0209
342;-0,4457618;0,9657812;-4,447947;51,50016;1,372112;0,0229
343;-0,4416465;0,9874849;-4,455309;51,61175;1,488865;0,0248
344;-0,4374405;1,009239;-4,462601;51,72318;1,606172;0,0268
345;-0,4331432;1,031135;-4,469821;51,83445;1,724497;0,0287
346;-0,4287542;1,053168;-4,476969;51,94556;1,843807;0,0307
347;-0,4242727;1,075322;-4,484041;52,0565;1,964033;0,0327
348;-0,4196986;1,097584;-4,491037;52,16729;2,085107;0,0348
349;-0,415031;1,120002;-4,497956;52,27792;2,207279;0,0368
350;-0,4102694;1,14255;-4,504795;52,38839;2,330411;0,0388
351;-0,4054133;1,165226;-4,511553;52,4987;2,454504;0,0409
352;-0,4004622;1,188038;-4,518229;52,60884;2,579596;0,043
353;-0,3954154;1,210986;-4,524821;52,71883;2,705689;0,0451
354;-0,3902628;1,236366;-4,531326;52,82866;2,844225;0,0474
355;-0,3850663;1,246913;-4,537745;52,93836;2,90922;0,0485
356;-0,3798972;1,240327;-4,544078;53,04795;2,889018;0,0482
357;-0,3748181;1,218759;-4,550326;53,15741;2,794127;0,0466
358;-0,3698826;1,184262;-4,556492;53,26669;2,634584;0,0439
359;-0,3651311;1,140154;-4,562579;53,37576;2,426761;0,0405
360;-0,3605899;1,08966;-4,56859;53,48461;2,186604;0,0365
361;-0,3562736;1,035712;-4,574529;53,59324;1,928639;0,0322
362;-0,3521852;0,9809988;-4,5804;53,70167;1,66622;0,0278
363;-0,348285;0,9358752;-4,586206;53,80996;1,450928;0,0242
364;-0,3445521;0,8957216;-4,591949;53,91809;1,259864;0,021
365;-0,3409731;0,8587789;-4,597633;54,02608;1,084324;0,0181
366;-0,3375378;0,8243176;-4,60326;54,13391;0,9207126;0,0153
367;-0,3342375;0,7919015;-4,608832;54,2416;0,7668869;0,0128
368;-0,3310654;0,7611588;-4,614351;54,34914;0,6210182;0,0104
369;-0,3280257;0,7293721;-4,619819;54,35868;0,4695869;0,0078
370;-0,325124;0,6962767;-4,625239;54,35948;0,3112606;0,0052
371;-0,322363;0,6625019;-4,630613;54,36015;0,1491571;0,0025
372;-0,3197376;0,6299785;-4,635943;54,36053;-0,007112725;-0,0001
373;-0,31724;0,5992931;-4,641232;54,36067;-0,1546126;-0,0026
374;-0,3148636;0,5702237;-4,64648;54,3606;-0,2944246;-0,0049
375;-0,312603;0,5424345;-4,651691;54,36035;-0,4282047;-0,0071
376;-0,3104541;0,515632;-4,656866;54,35995;-0,5573983;-0,0093
377;-0,3084142;0,4894875;-4,662007;54,35946;-0,6836333;-0,0114
378;-0,3064811;0,4638579;-4,667116;54,35886;-0,8076143;-0,0135
379;-0,3046533;0,4385643;-4,672195;54,35817;-0,930227;-0,0155
380;-0,3029302;0,4134782;-4,677245;54,35742;-1,052109;-0,0175
381;-0,3013112;0,3884778;-4,682268;54,35663;-1,173865;-0,0196
382;-0,2997957;0,3636563;-4,687265;54,36496;-1,29503;-0,0216
383;-0,2983781;0,3401505;-4,692239;54,42995;-1,409939;-0,0235
384;-0,2970494;0,3188116;-4,697191;54,5181;-1,514335;-0,0252
385;-0,2958096;0,2975084;-4,702122;54,5931;-1,61881;-0,027
386;-0,2946668;0,2742171;-4,707034;54,66716;-1,733447;-0,0289
387;-0,2936178;0,2517125;-4,711929;54,74378;-1,844449;-0,0307
388;-0,2926702;0,2273558;-4,716808;54,82289;-1,964952;-0,0328
389;-0,2918286;0,2019478;-4,721673;54,90418;-2,090991;-0,0349
390;-0,291096;0,175789;-4,726525;54,98733;-2,221084;-0,037
391;-0,2904745;0,1491296;-4,731368;55,07206;-2,353992;-0,0392
392;-0,2899657;0,1221055;-4,736201;55,15811;-2,489047;-0,0415
393;-0,2895706;0,09478819;-4,741028;55,24524;-2,625898;-0,0438
394;-0,2892905;0,06722774;-4,745851;55,33325;-2,764299;-0,0461
395;-0,2891195;0,04103317;-4,75067;55,42199;-2,896238;-0,0483
396;-0,2889908;0,03086426;-4,755487;55,51135;-2,948656;-0,0492
397;-0,2888314;0,03824423;-4,760302;55,6012;-2,913763;-0,0486
398;-0,2885771;0,06103487;-4,765113;55,6914;-2,801991;-0,0467
399;-0,2881754;0,09637574;-4,769917;55,78183;-2,6274;-0,0438
400;-0,2875871;0,1411775;-4,774711;55,8724;-2,405223;-0,0401
401;-0,2867857;0,1922867;-4,779491;55,96305;-2,151053;-0,0359
402;-0,2857571;0,246814;-4,784255;56,05374;-1,879206;-0,0313
403;-0,2844976;0,3022209;-4,788998;56,14445;-1,602284;-0,0267
404;-0,2830456;0,3484244;-4,793716;56,23521;-1,370514;-0,0228
405;-0,2814205;0,3899295;-4,798407;56,32599;-1,161563;-0,0194
406;-0,2796372;0,4279092;-4,803069;56,41676;-0,9696454;-0,0162
407;-0,2777037;0,4639508;-4,807698;56,5075;-0,7868935;-0,0131
408;-0,2756264;0,4984479;-4,812293;56,59819;-0,611371;-0,0102
409;-0,2734108;0,5316362;-4,81685;56,68883;-0,4419201;-0,0074
410;-0,2710578;0,5646244;-4,821369;56,77938;-0,2730333;-0,0046
411;-0,2685722;0,596404;-4,825846;56,86985;-0,1097364;-0,0018
412;-0,26596;0,6268178;-4,830279;56,96023;0,04717293;0,0008
413;-0,263225;0,6562661;-4,834667;57,05054;0,1996738;0,0033
414;-0,2603706;0,6849135;-4,839007;57,14078;0,3485747;0,0058
415;-0,2573995;0,7129316;-4,843298;57,23095;0,4947214;0,0082
416;-0,2543133;0,740535;-4,847538;57,32104;0,6391759;0,0107
417;-0,2511135;0,7677951;-4,851724;57,41108;0,7822906;0,013
418;-0,2478009;0,7948692;-4,855855;57,50104;0,9248455;0,0154
419;-0,2443759;0,8218433;-4,859929;57,59095;1,067267;0,0178
420;-0,2408386;0,8487673;-4,863944;57,68078;1,209804;0,0202
421;-0,2371889;0,8757592;-4,867898;57,77055;1,353045;0,0226
422;-0,2334263;0,9028334;-4,871789;57,86026;1,497062;0,025
423;-0,2295504;0,9300398;-4,875615;57,94991;1,642107;0,0274
424;-0,2255602;0,957443;-4,879375;58,03949;1,788504;0,0298
425;-0,2214552;0,9850141;-4,883067;58,12901;1,936113;0,0323
426;-0,2172342;1,012828;-4,886688;58,21846;2,085311;0,0348
427;-0,2128963;1,04089;-4,890237;58,30786;2,23612;0,0373
428;-0,2084405;1,069179;-4,893712;58,39718;2,388455;0,0398
429;-0,2038658;1,097727;-4,89711;58,48645;2,542462;0,0424
430;-0,1991709;1,126539;-4,90043;58,57565;2,698181;0,045
431;-0,1943549;1,155611;-4,90367;58,66478;2,855599;0,0476
432;-0,1894227;1,183479;-4,906828;58,75386;3,007415;0,0501
433;-0,1844395;1,195747;-4,909903;58,84294;3,08189;0,0514
434;-0,1794744;1,191374;-4,912894;58,932;3,073646;0,0512
435;-0,1745931;1,17129;-4,915805;59,02103;2,987105;0,0498
436;-0,169853;1,137398;-4,918636;59,10998;2,831547;0,0472
437;-0,1652965;1,093322;-4,921392;59,19883;2,624864;0,0438
438;-0,1609516;1,04257;-4,924075;59,28754;2,384403;0,0397
439;-0,1568338;0,9880784;-4,92669;59,37614;2,124704;0,0354
440;-0,1529478;0,9324605;-4,929239;59,46463;1,858743;0,031
441;-0,1492533;0,8864895;-4,931727;59,55307;1,640181;0,0273
442;-0,1457294;0,845585;-4,934157;59,64146;1,446316;0,0241
443;-0,1423623;0,8079236;-4,93653;59,7298;1,268124;0,0211
444;-0,1391418;0,7727723;-4,938849;59,81808;1,101993;0,0184
445;-0,1360594;0,7396232;-4,941118;59,90631;0,9454234;0,0158
446;-0,1331083;0,7081225;-4,943336;59,99449;0,7966755;0,0133
447;-0,1302831;0,677909;-4,945508;60,08261;0,6539689;0,0109
448;-0,1275796;0,6487145;-4,947635;60,17067;0,5159834;0,0086
449;-0,1249945;0,6202977;-4,949719;60,25868;0,3815281;0,0064
450;-0,1225256;0,5924208;-4,951761;60,34663;0,2494267;0,0042
451;-0,1201713;0,5649301;-4,953764;60,43453;0,1189196;0,002
452;-0,1179304;0,5376915;-4,95573;60,52237;-0,01065814;-0,0002
453;-0,1158096;0,5088903;-4,957661;60,52306;-0,1483448;-0,0025
454;-0,1138195;0,4775308;-4,959558;60,51096;-0,2991229;-0,005
455;-0,1119649;0,4450272;-4,961425;60,49854;-0,4559794;-0,0076
456;-0,1102436;0,4130187;-4,963263;60,48565;-0,6107614;-0,0102
457;-0,1086517;0,3819775;-4,965074;60,47235;-0,7611119;-0,0127
458;-0,1071856;0,3518158;-4,96686;60,45871;-0,9074566;-0,0151
459;-0,1058424;0,3222888;-4,968625;60,44477;-1,051006;-0,0175
460;-0,1046207;0,293164;-4,970368;60,4306;-1,19291;-0,0199
461;-0,1035193;0,2642771;-4,972094;60,41623;-1,333985;-0,0222
462;-0,1025379;0,2354813;-4,973804;60,4017;-1,474959;-0,0246
463;-0,1016766;0,206664;-4,975499;60,38703;-1,616394;-0,0269
464;-0,1009359;0,1777484;-4,977181;60,37225;-1,758673;-0,0293
465;-0,1003162;0,1486845;-4,978854;60,3574;-1,902048;-0,0317
466;-0,09981861;0,1194042;-4,980518;60,34248;-2,04686;-0,0341
467;-0,09944391;0,08990934;-4,982176;60,32751;-2,193105;-0,0366
468;-0,09919319;0,06016064;-4,983829;60,31253;-2,340981;-0,039
469;-0,09906754;0,03015094;-4,985481;60,29753;-2,490528;-0,0415
470;-0,09906799;-0,0001090547;-4,987132;60,28254;-2,641698;-0,044
471;-0,09919567;-0,03063543;-4,988786;60,26757;-2,794574;-0,0466
472;-0,09944727;-0,06037339;-4,990444;60,25262;-2,943906;-0,0491
473;-0,09975749;-0,07443787;-4,992106;60,23777;-3,015519;-0,0503
474;-0,1000529;-0,07087304;-4,993774;60,223;-2,999471;-0,05
475;-0,1002684;-0,05171695;-4,995446;60,20829;-2,905698;-0,0484
476;-0,10035;-0,01959051;-4,997118;60,19361;-2,747061;-0,0458
477;-0,10026;0,02161428;-4,99879;60,17896;-2,542788;-0,0424
478;-0,09996943;0,06971098;-5,000456;60,16432;-2,303659;-0,0384
479;-0,09945926;0,1224166;-5,002114;60,1497;-2,040961;-0,034
480;-0,09871936;0,177541;-5,00376;60,13512;-1,765546;-0,0294
481;-0,09778587;0,223993;-5,00539;60,12063;-1,532646;-0,0255
482;-0,09667891;0,2656179;-5,007002;60,10622;-1,323207;-0,0221
483;-0,0954131;0,3037316;-5,008593;60,09188;-1,130732;-0,0188
484;-0,09400035;0,3389938;-5,010159;60,07759;-0,9519768;-0,0159
485;-0,09245025;0,3719498;-5,011701;60,06334;-0,7842596;-0,0131
486;-0,09077022;0,4031251;-5,013214;60,0491;-0,6249892;-0,0104
487;-0,08896491;0,4331885;-5,014697;60,03487;-0,4708555;-0,0078
488;-0,08703978;0,4619378;-5,016148;60,02065;-0,322878;-0,0054
489;-0,08499938;0,4895984;-5,017565;60,00642;-0,1799498;-0,003
490;-0,08284687;0,5164991;-5,018946;59,99219;-0,04044466;-0,0007
491;-0,0805847;0,5428135;-5,020289;59,97796;0,09649299;0,0016
492;-0,0782145;0,5687327;-5,021593;59,96373;0,2318096;0,0039
493;-0,07573743;0,5943785;-5,022855;59,9495;0,3661066;0,0061
494;-0,07315399;0,6199026;-5,024075;59,93528;0,5001388;0,0083
495;-0,07046437;0,6453785;-5,025249;59,92105;0,634271;0,0106
496;-0,06766838;0,6709045;-5,026377;59,90682;0,7689926;0,0128
497;-0,06476563;0,6965198;-5,027457;59,89259;0,9045017;0,0151
498;-0,06175547;0,7222943;-5,028486;59,87835;1,041147;0,0174
499;-0,05863712;0,7482546;-5,029464;59,86411;1,179066;0,0197
500;-0,0554096;0,7744492;-5,030387;59,84988;1,318502;0,022
501;-0,05207206;0,8008494;-5,031255;59,83564;1,459315;0,0243
502;-0,04862337;0,8275213;-5,032066;59,8214;1,601839;0,0267
503;-0,04506257;0,8544211;-5,032817;59,80717;1,745861;0,0291
504;-0,04138844;0,8816133;-5,033507;59,79293;1,891704;0,0315
505;-0,03759997;0,9090531;-5,034133;59,77869;2,039151;0,034
506;-0,03369614;0,9367315;-5,034695;59,76446;2,18816;0,0365
507;-0,02967582;0,9646831;-5,03519;59,75022;2,338908;0,039
508;-0,02553785;0,9929144;-5,035615;59,73598;2,491431;0,0415
509;-0,0212814;1,021344;-5,03597;59,72174;2,645328;0,0441
510;-0,01690541;1,050029;-5,036252;59,7075;2,800887;0,0467
511;-0,01241321;1,077912;-5,036459;59,69328;2,952846;0,0492
512;-0,007869282;1,090325;-5,03659;59,67911;3,028107;0,0505
513;-0,00334593;1,085387;-5,036646;59,665;3,017114;0,0503
514;0,00109353;1,065257;-5,036628;59,65091;2,930393;0,0488
515;0,005392125;1,031457;-5,036538;59,63681;2,775343;0,0463
516;0,009507623;0,9875219;-5,036379;59,62267;2,569408;0,0428
517;0,01341157;0,9367595;-5,036156;59,60847;2,328936;0,0388
518;0,01708781;0,8821226;-5,035871;59,59423;2,068553;0,0345
519;0,02053115;0,8262354;-5,035529;59,57995;1,801285;0,03
520;0,02378142;0,7799096;-5,035132;59,56569;1,580982;0,0264
521;0,02685985;0,7386743;-5,034685;59,55144;1,385489;0,0231
522;0,02978047;0,7008087;-5,034188;59,5372;1,206292;0,0201
523;0,03255413;0,6655451;-5,033646;59,52298;1,039608;0,0173
524;0,03518966;0,632401;-5,033059;59,50877;0,883064;0,0147
525;0,03769419;0,6009665;-5,032431;59,49456;0,7346433;0,0122
526;0,04007341;0,5708995;-5,031763;59,48037;0,5926622;0,0099
527;0,04233176;0,5418963;-5,031057;59,46618;0,4556233;0,0076
528;0,04447266;0,5137137;-5,030315;59,45201;0,3223268;0,0054
529;0,04649868;0,4861462;-5,02954;59,43784;0,1917585;0,0032
530;0,04841152;0,4589897;-5,028733;59,42368;0,06290884;0,001
531;0,05021251;0,4321516;-5,027896;59,40953;-0,06468063;-0,0011
532;0,05190228;0,4054635;-5,027031;59,39538;-0,1918442;-0,0032
533;0,05348113;0,378848;-5,02614;59,38124;-0,318968;-0,0053
534;0,05494904;0,3522288;-5,025224;59,3671;-0,4464312;-0,0074
535;0,05630573;0,3255408;-5,024285;59,35297;-0,5745595;-0,0096
536;0,05755071;0,2987356;-5,023326;59,33884;-0,7035949;-0,0117
537;0,05868325;0,2717535;-5,022347;59,32471;-0,8338385;-0,0139
538;0,05970269;0,2446177;-5,021352;59,31059;-0,9651775;-0,0161
539;0,06060809;0,217253;-5,020342;59,29646;-1,097989;-0,0183
540;0,0613986;0,1896828;-5,019319;59,28234;-1,232161;-0,0205
541;0,06207331;0,1618988;-5,018284;59,26822;-1,367736;-0,0228
542;0,06263131;0,1338932;-5,01724;59,2541;-1,504759;-0,0251
543;0,06307153;0,1056329;-5,016188;59,23999;-1,643398;-0,0274
544;0,06339306;0,07715172;-5,015131;59,22588;-1,783489;-0,0297
545;0,06359509;0,04847749;-5,014071;59,21177;-1,924895;-0,0321
546;0,06367691;0,01963163;-5,01301;59,19765;-2,067515;-0,0345
547;0,06363781;-0,009382279;-5,011949;59,18355;-2,211333;-0,0369
548;0,06347705;-0,03857318;-5,010891;59,16944;-2,356396;-0,0393
549;0,06319395;-0,06793035;-5,009838;59,15533;-2,502656;-0,0417
550;0,06278798;-0,09741444;-5,008791;59,14123;-2,649918;-0,0442
551;0,0622584;-0,1270746;-5,007753;59,12713;-2,79843;-0,0466
552;0,0616094;-0,1557274;-5,006726;59,11303;-2,942298;-0,049
553;0,06090624;-0,1687246;-5,005711;59,09899;-3,008527;-0,0502
554;0,06021928;-0,1648389;-5,004707;59,085;-2,990803;-0,0499
555;0,0596159;-0,1447826;-5,003713;59,07101;-2,892467;-0,0482
556;0,05915315;-0,1110373;-5,002727;59,05701;-2,725678;-0,0454
557;0,05887299;-0,06722507;-5,001746;59,04295;-2,50831;-0,0418
558;0,05880361;-0,01664783;-5,000765;59,02885;-2,256689;-0,0376
559;0,0589607;0,03769448;-4,999783;59,01471;-1,985674;-0,0331
560;0,05934864;0,09308622;-4,998793;59,00053;-1,708748;-0,0285
561;0,05992787;0,1389875;-4,997794;58,98639;-1,478412;-0,0246
562;0,0606772;0,1798053;-4,996783;58,97228;-1,272824;-0,0212
563;0,06158261;0,217253;-4,995756;58,9582;-1,08351;-0,0181
564;0,0626332;0,2520924;-4,994712;58,94415;-0,9067157;-0,0151
565;0,06382014;0,284808;-4,993648;58,9301;-0,7400587;-0,0123
566;0,06513624;0,3158009;-4,992562;58,91607;-0,581565;-0,0097
567;0,06657568;0,3453959;-4,991453;58,90205;-0,4296384;-0,0072
568;0,06813395;0,373911;-4,990317;58,88804;-0,2827095;-0,0047
569;0,06980755;0,4015841;-4,989153;58,87403;-0,1396067;-0,0023
570;0,07159385;0,4286261;-4,98796;58,86004;0,0007118541;0
571;0,07349085;0,4551889;-4,986735;58,84604;0,1389959;0,0023
572;0,07549728;0,4814478;-4,985476;58,83205;0,2761136;0,0046
573;0,07761231;0,5075048;-4,984183;58,81806;0,4125696;0,0069
574;0,07983553;0,5334669;-4,982852;58,80407;0,5488967;0,0092
575;0,08216683;0,5593987;-4,981482;58,79008;0,6854154;0,0114
576;0,0846064;0,5853806;-4,980072;58,77608;0,8225268;0,0137
577;0,08715463;0,6114517;-4,978619;58,76209;0,9604282;0,016
578;0,08981203;0,6376482;-4,977121;58,7481;1,0993;0,0183
579;0,09257932;0,6640179;-4,975578;58,73412;1,239385;0,0207
580;0,09545724;0,6905629;-4,973987;58,72012;1,380695;0,023
581;0,09844658;0,7172974;-4,972345;58,70613;1,523305;0,0254
